{
    "output": {
        "centers": [
            [
                0.577910914,
                4.22771378,
                0.911831341,
                1.54673182,
                0.123577138
            ],
            [
                1.32112686,
                0.912577623,
                2.73342714,
                4.98054437,
                0.315065457
            ],
            [
                0.153273891,
                1.7223351,
                3.33510428,
                5.62323182,
                0.85771378
            ]
        ],
        "labels": [
            1,
            0,
            2,
            0,
            0,
            2,
            2,
            0,
            1,
            1,
            1,
            2,
            0,
            1,
            2,
            0,
            1,
            0,
            2,
            0,
            2,
            2,
            1,
            1,
            0,
            1,
            0,
            1,
            2,
            0,
            2,
            0,
            2,
            0,
            1,
            1,
            2,
            0,
            1,
            1,
            0,
            1,
            2,
            1,
            2,
            0,
            2,
            0,
            1,
            0,
            0,
            2,
            0,
            1,
            2,
            1,
            2,
            2,
            0,
            2,
            0,
            1,
            0,
            0,
            1,
            2,
            1,
            2,
            0,
            2,
            1,
            0,
            2,
            0,
            2,
            0,
            1,
            1,
            2,
            1,
            2,
            0,
            2
        ],
        "inertia": 178.00823899999997
    }
}