{
  "difficult_number": 155,
  "easy_number": 155,
  "total_rs": 0.23225806451612904,
  "total_partial_rs": 0.6386148727039616,
  "easy_rs": 0.23870967741935484,
  "difficult_rs": 0.22580645161290322,
  "easy_partial_rs": 0.6591218637992832,
  "difficult_partial_rs": 0.6181078816086404,
  "easy_rs_fn": 0.8774193548387097,
  "difficult_rs_fn": 0.3225806451612903,
  "total_rs_fn": 0.6,
  "easy_partial_rs_fn": 0.9400785773366421,
  "difficult_partial_rs_fn": 0.669057521512674,
  "total_partial_rs_fn": 0.8045680494246578,
  "#fn": 114
}