{
  "difficult_number": 155,
  "easy_number": 155,
  "total_rs": 0.6225806451612903,
  "total_partial_rs": 0.6758673217332349,
  "difficult_rs": 0.4064516129032258,
  "easy_rs": 0.8387096774193549,
  "difficult_partial_rs": 0.5068037678904329,
  "easy_partial_rs": 0.844930875576037
}