{
  "difficult_number": 155,
  "easy_number": 155,
  "total_rs": 0.4032258064516129,
  "total_partial_rs": 0.4381056698127643,
  "difficult_rs": 0.25161290322580643,
  "easy_rs": 0.5548387096774193,
  "difficult_partial_rs": 0.3124576739363788,
  "easy_partial_rs": 0.5637536656891495
}