{
  "difficult_number": 155,
  "easy_number": 155,
  "total_rs": 0.14516129032258066,
  "total_partial_rs": 0.5526439454679436,
  "easy_rs": 0.16129032258064516,
  "difficult_rs": 0.12903225806451613,
  "easy_partial_rs": 0.5878129463443553,
  "difficult_partial_rs": 0.5174749445915315,
  "easy_rs_fn": 0.44516129032258067,
  "difficult_rs_fn": 0.17419354838709677,
  "total_rs_fn": 0.3096774193548387,
  "easy_partial_rs_fn": 0.7199404425041097,
  "difficult_partial_rs_fn": 0.5346010442982765,
  "total_partial_rs_fn": 0.627270743401193,
  "#fn": 51
}