{
  "difficult_number": 155,
  "easy_number": 155,
  "total_rs": 0.2129032258064516,
  "total_partial_rs": 0.6184930326429916,
  "difficult_rs": 0.14193548387096774,
  "easy_rs": 0.2838709677419355,
  "difficult_partial_rs": 0.5742807598387423,
  "easy_partial_rs": 0.6627053054472408,
  "difficult_rs_fn": 0.23225806451612904,
  "easy_rs_fn": 0.8709677419354839,
  "total_rs_fn": 0.5516129032258065,
  "difficult_partial_rs_fn": 0.6285776862589071,
  "easy_partial_rs_fn": 0.9351092993028476,
  "total_partial_rs_fn": 0.7818434927808773,
  "#fn": 105
}