{
  "difficult_number": 155,
  "easy_number": 155,
  "total_rs": 0.2,
  "total_partial_rs": 0.609855962466696,
  "easy_rs": 0.2129032258064516,
  "difficult_rs": 0.1870967741935484,
  "easy_partial_rs": 0.6402150537634411,
  "difficult_partial_rs": 0.5794968711699519,
  "easy_rs_fn": 0.7548387096774194,
  "difficult_rs_fn": 0.2838709677419355,
  "total_rs_fn": 0.5193548387096775,
  "easy_partial_rs_fn": 0.8910957501280083,
  "difficult_partial_rs_fn": 0.6278665102411238,
  "total_partial_rs_fn": 0.7594811301845658,
  "#fn": 99
}