{
  "difficult_number": 155,
  "easy_number": 155,
  "total_rs": 0.5548387096774193,
  "total_partial_rs": 0.6063152337265433,
  "easy_rs": 0.7612903225806451,
  "difficult_rs": 0.34838709677419355,
  "easy_partial_rs": 0.7675115207373272,
  "difficult_partial_rs": 0.44511894671575924
}