{
  "difficult_number": 155,
  "easy_number": 155,
  "total_rs": 0.6419354838709678,
  "total_partial_rs": 0.6973629494613394,
  "easy_rs": 0.8580645161290322,
  "difficult_rs": 0.4258064516129032,
  "easy_partial_rs": 0.8615207373271889,
  "difficult_partial_rs": 0.5332051615954899
}