{
  "difficult_number": 155,
  "easy_number": 155,
  "total_rs": 0.2129032258064516,
  "total_partial_rs": 0.6071456076081063,
  "difficult_rs": 0.16774193548387098,
  "easy_rs": 0.25806451612903225,
  "difficult_partial_rs": 0.5760636363434721,
  "easy_partial_rs": 0.6382275788727402,
  "difficult_rs_fn": 0.25806451612903225,
  "easy_rs_fn": 0.8387096774193549,
  "total_rs_fn": 0.5483870967741935,
  "difficult_partial_rs_fn": 0.6174787532385009,
  "easy_partial_rs_fn": 0.9033197447713578,
  "total_partial_rs_fn": 0.7603992490049292,
  "#fn": 104
}