{
  "difficult_number": 155,
  "easy_number": 155,
  "total_rs": 0.6064516129032258,
  "total_partial_rs": 0.6509779991967931,
  "difficult_rs": 0.3741935483870968,
  "easy_rs": 0.8387096774193549,
  "difficult_partial_rs": 0.46025092926916217,
  "easy_partial_rs": 0.841705069124424
}