{
  "difficult_number": 155,
  "easy_number": 155,
  "total_rs": 0.6225806451612903,
  "total_partial_rs": 0.6627409984846317,
  "easy_rs": 0.864516129032258,
  "difficult_rs": 0.38064516129032255,
  "easy_partial_rs": 0.8679723502304147,
  "difficult_partial_rs": 0.45750964673884886
}