{
  "difficult_number": 155,
  "easy_number": 155,
  "total_rs": 0.24516129032258063,
  "total_partial_rs": 0.6432249836668025,
  "easy_rs": 0.2838709677419355,
  "difficult_rs": 0.2064516129032258,
  "easy_partial_rs": 0.666867147189728,
  "difficult_partial_rs": 0.6195828201438781,
  "easy_rs_fn": 0.8774193548387097,
  "difficult_rs_fn": 0.3032258064516129,
  "total_rs_fn": 0.5903225806451613,
  "easy_partial_rs_fn": 0.9463328606876994,
  "difficult_partial_rs_fn": 0.6709477757902684,
  "total_partial_rs_fn": 0.8086403182389839,
  "#fn": 107
}