{
    "input": {"self": {"with_mean": false, "with_std": false, "copy": true, "n_samples_seen_": 0, "mean_": [0.0, 0.0, 0.0, 0.0], "var_": [0.0, 0.0, 0.0, 0.0], "scale_": [1.0, 1.0, 1.0, 1.0]}, "args": {"X": [["nan", 9.39442688, 0.6754881, "nan"], ["nan", 5.8715168, 1.68872024, 1.37988697], ["nan", 7.04582016, 2.47678969, 1.75621978], ["nan", 9.15956621, 0.73177877, 0.50177708], ["nan", 8.92470554, "nan", 2.50888539], ["nan", 7.75040218, 2.64566171, 2.00710832], ["nan", 7.28068084, 2.87082441, 2.8852182], ["nan", 8.92470554, 1.06952282, 0.50177708], ["nan", 7.51554151, 0.9006508, 0.25088854], ["nan", 7.51554151, 3.20856846, 2.8852182], ["nan", 6.34123815, 2.36420834, 1.63077551], ["nan", 9.15956621, 0.95694147, 0.50177708], ["nan", "nan", 3.32114981, 2.63432966], ["nan", 7.51554151, 2.53308037, 1.88166405], ["nan", 6.81095949, 2.53308037, 1.88166405], ["nan", 7.51554151, 0.73177877, 0.25088854], ["nan", 6.10637748, 2.25162699, 1.50533124], ["nan", 7.04582016, 2.53308037, 1.88166405], ["nan", 7.98526285, 0.84436012, 0.50177708], ["nan", 7.51554151, 0.6754881, 0.25088854], ["nan", 6.10637748, 2.47678969, 1.50533124], ["nan", 7.04582016, 2.53308037, 1.88166405], ["nan", 7.04582016, 2.81453374, 2.13255258], ["nan", 8.22012352, 0.73177877, 0.37633281], ["nan", 7.51554151, 3.37744049, 2.25799685], ["nan", 6.57609882, 2.30791767, "nan"], ["nan", 9.86414823, 0.78806945, 0.25088854], ["nan", 8.92470554, 0.84436012, 0.37633281], ["nan", 6.57609882, 2.64566171, 1.50533124], ["nan", 5.8715168, 2.81453374, 2.38344112], ["nan", 7.04582016, 2.58937104, 1.75621978], ["nan", 7.04582016, 3.43373116, 2.8852182], ["nan", 5.8715168, 2.19533632, 1.37988697], ["nan", 6.57609882, 3.15227779, 2.63432966], ["nan", 6.57609882, 2.87082441, 3.01066247], ["nan", 8.68984487, 0.84436012, "nan"], ["nan", 5.40179546, 2.25162699, 1.63077551], ["nan", 7.98526285, 0.78806945, 0.25088854]]}, "kwargs": {}}
}