{
    "self": {
        "n_iter": 300,
        "tol": 0.001,
        "alpha_1": 1e-06,
        "alpha_2": 1e-06,
        "lambda_1": 1e-06,
        "lambda_2": 1e-06,
        "alpha_init": null,
        "lambda_init": null,
        "compute_score": true,
        "fit_intercept": true,
        "normalize": false,
        "copy_X": true,
        "verbose": false
    },
    "args": {
        "X": "[[ 0.03807591  0.05068012  0.06169621 ... -0.00259226  0.01990842\n  -0.01764613]\n [-0.00188202 -0.04464164 -0.05147406 ... -0.03949338 -0.06832974\n  -0.09220405]\n [ 0.08529891  0.05068012  0.04445121 ... -0.00259226  0.00286377\n  -0.02593034]\n ...\n [ 0.04170844  0.05068012 -0.01590626 ... -0.01107952 -0.04687948\n   0.01549073]\n [-0.04547248 -0.04464164  0.03906215 ...  0.02655962  0.04452837\n  -0.02593034]\n [-0.04547248 -0.04464164 -0.0730303  ... -0.03949338 -0.00421986\n   0.00306441]]",
        "y": "[151.  75. 141. 206. 135.  97. 138.  63. 110. 310. 101.  69. 179. 185.\n 118. 171. 166. 144.  97. 168.  68.  49.  68. 245. 184. 202. 137.  85.\n 131. 283. 129.  59. 341.  87.  65. 102. 265. 276. 252.  90. 100.  55.\n  61.  92. 259.  53. 190. 142.  75. 142. 155. 225.  59. 104. 182. 128.\n  52.  37. 170. 170.  61. 144.  52. 128.  71. 163. 150.  97. 160. 178.\n  48. 270. 202. 111.  85.  42. 170. 200. 252. 113. 143.  51.  52. 210.\n  65. 141.  55. 134.  42. 111.  98. 164.  48.  96.  90. 162. 150. 279.\n  92.  83. 128. 102. 302. 198.  95.  53. 134. 144. 232.  81. 104.  59.\n 246. 297. 258. 229. 275. 281. 179. 200. 200. 173. 180.  84. 121. 161.\n  99. 109. 115. 268. 274. 158. 107.  83. 103. 272.  85. 280. 336. 281.\n 118. 317. 235.  60. 174. 259. 178. 128.  96. 126. 288.  88. 292.  71.\n 197. 186.  25.  84.  96. 195.  53. 217. 172. 131. 214.  59.  70. 220.\n 268. 152.  47.  74. 295. 101. 151. 127. 237. 225.  81. 151. 107.  64.\n 138. 185. 265. 101. 137. 143. 141.  79. 292. 178.  91. 116.  86. 122.\n  72. 129. 142.  90. 158.  39. 196. 222. 277.  99. 196. 202. 155.  77.\n 191.  70.  73.  49.  65. 263. 248. 296. 214. 185.  78.  93. 252. 150.\n  77. 208.  77. 108. 160.  53. 220. 154. 259.  90. 246. 124.  67.  72.\n 257. 262. 275. 177.  71.  47. 187. 125.  78.  51. 258. 215. 303. 243.\n  91. 150. 310. 153. 346.  63.  89.  50.  39. 103. 308. 116. 145.  74.\n  45. 115. 264.  87. 202. 127. 182. 241.  66.  94. 283.  64. 102. 200.\n 265.  94. 230. 181. 156. 233.  60. 219.  80.  68. 332. 248.  84. 200.\n  55.  85.  89.  31. 129.  83. 275.  65. 198. 236. 253. 124.  44. 172.\n 114. 142. 109. 180. 144. 163. 147.  97. 220. 190. 109. 191. 122. 230.\n 242. 248. 249. 192. 131. 237.  78. 135. 244. 199. 270. 164.  72.  96.\n 306.  91. 214.  95. 216. 263. 178. 113. 200. 139. 139.  88. 148.  88.\n 243.  71.  77. 109. 272.  60.  54. 221.  90. 311. 281. 182. 321.  58.\n 262. 206. 233. 242. 123. 167.  63. 197.  71. 168. 140. 217. 121. 235.\n 245.  40.  52. 104. 132.  88.  69. 219.  72. 201. 110.  51. 277.  63.\n 118.  69. 273. 258.  43. 198. 242. 232. 175.  93. 168. 275. 293. 281.\n  72. 140. 189. 181. 209. 136. 261. 113. 131. 174. 257.  55.  84.  42.\n 146. 212. 233.  91. 111. 152. 120.  67. 310.  94. 183.  66. 173.  72.\n  49.  64.  48. 178. 104. 132. 220.  57.]"
    },
    "kwargs": {},
    "return": {
        "n_iter": 300,
        "tol": 0.001,
        "alpha_1": 1e-06,
        "alpha_2": 1e-06,
        "lambda_1": 1e-06,
        "lambda_2": 1e-06,
        "alpha_init": null,
        "lambda_init": null,
        "compute_score": true,
        "fit_intercept": true,
        "normalize": false,
        "copy_X": true,
        "verbose": false,
        "X_offset_": "[-3.63428493e-16  1.30834257e-16 -8.04534920e-16  1.28165452e-16\n -8.83531559e-17  1.32702421e-16 -4.57464634e-16  3.77730150e-16\n -3.83085422e-16 -3.41288202e-16]",
        "X_scale_": "[1. 1. 1. 1. 1. 1. 1. 1. 1. 1.]",
        "scores_": "[-2547.11232369 -2543.8480406  -2478.54432365 -2408.83613983\n -2405.77244214 -2405.77090245 -2405.77089414 -2405.77089409\n -2405.77089409 -2405.77089409 -2405.77089405]",
        "n_iter_": 10,
        "alpha_": 0.00034102020396556903,
        "lambda_": 1.1462261218819324e-05,
        "coef_": "[  -4.23524272 -226.33093634  513.4681676   314.91003949 -182.28444613\n   -4.36972789 -159.20264135  114.6360979   506.8248699    76.25520615]",
        "sigma_": "[[ 3.41357465e+03 -3.38791681e+02  2.31164887e+00 -6.90033858e+02\n  -1.50556364e+02 -3.07065616e+02 -2.11086795e+02  1.43806484e+02\n  -3.62856232e+02 -4.85528110e+02]\n [-3.38791681e+02  3.56127221e+03  5.06034777e+02 -6.77567541e+02\n   4.97347948e+02 -3.01844044e+02  8.45090562e+02 -6.36219146e+02\n   2.85132061e+02 -2.72028730e+02]\n [ 2.31164887e+00  5.06034777e+02  4.15047646e+03 -9.58410776e+02\n   3.17540604e+02 -6.81418116e+02  9.35229086e+02  1.31429710e+02\n  -8.90762301e+02 -6.14734716e+02]\n [-6.90033858e+02 -6.77567541e+02 -9.58410776e+02  4.03596211e+03\n  -3.61051563e+02  1.00171903e+02  8.15250631e+01  6.17306701e+02\n  -7.47914054e+02 -6.31982700e+02]\n [-1.50556364e+02  4.97347948e+02  3.17540604e+02 -3.61051563e+02\n   3.60204301e+04 -2.69150313e+04 -1.53598641e+04 -5.43063803e+03\n  -1.23102255e+04 -1.63998020e+02]\n [-3.07065616e+02 -3.01844044e+02 -6.81418116e+02  1.00171903e+02\n  -2.69150313e+04  2.68243848e+04  7.73894534e+03 -3.36566787e+03\n   1.05497506e+04 -2.62310450e+01]\n [-2.11086795e+02  8.45090562e+02  9.35229086e+02  8.15250631e+01\n  -1.53598641e+04  7.73894534e+03  1.49608831e+04  1.07168594e+04\n   4.16666023e+03 -6.39351178e+01]\n [ 1.43806484e+02 -6.36219146e+02  1.31429710e+02  6.17306701e+02\n  -5.43063803e+03 -3.36566787e+03  1.07168594e+04  1.70656615e+04\n  -2.31371799e+03 -5.49399739e+02]\n [-3.62856232e+02  2.85132061e+02 -8.90762301e+02 -7.47914054e+02\n  -1.23102255e+04  1.05497506e+04  4.16666023e+03 -2.31371799e+03\n   9.79347076e+03 -7.86337738e+02]\n [-4.85528110e+02 -2.72028730e+02 -6.14734716e+02 -6.31982700e+02\n  -1.63998020e+02 -2.62310450e+01 -6.39351178e+01 -5.49399739e+02\n  -7.86337738e+02  4.12081190e+03]]",
        "intercept_": 152.13348416289642
    }
}