{
    "output": {
        "code": [[-0.00322721,  0.01002598, -0.00127944,  0.00444984, -0.00433348],
            [-0.00051764,  0.00128414,  0.00017317,  0.00218587,  0.0011565 ],
            [-0.00224538, -0.00064669,  0.00078877, -0.00128746, -0.00383671],
            [ 0.00340816, -0.00436867,  0.00011456, -0.00028134,  0.00230371],
            [-0.00133357, -0.00495997, -0.00086183,  0.00023501,  0.00184885],
            [-0.00157716, -0.00427006, -0.00427432,  0.00293225, -0.00076358],
            [-0.00242431, -0.00066981, -0.00224322,  0.00058166, -0.00076742],
            [-0.0001,  0.00090918, -0.00158833, -0.00054526, -0.0010105 ],
            [ 0.00026658, -0.00120534, -0.00408398,  0.00069576, -0.00136324],
            [ 0.0017136 , -0.00371208,  0.00100811, -0.00102942, -0.0013076 ]], 
        "dictionary": [[ 0.35321047,  0.08003144,  0.19574759,  0.44817864,  0.37351159,-0.19545558,  0.19001768, -0.03027142],
            [-0.20643771,  0.0821197 ,  0.02880871,  0.2908547 ,  0.15220755, 0.02433501,  0.08877265,  0.06673487],
            [ 0.29881581, -0.04103165,  0.06261354, -0.17081915, -0.51059796, 0.13072372,  0.17288724, -0.14843301],
            [ 0.45395092, -0.29087313,  0.0091517 , -0.03743677,  0.30655584,   0.29387175,  0.03098949,  0.0756325 ],
            [-0.17755715, -0.39615929, -0.06958243,  0.03126979,  0.24605814,   0.24047597, -0.07746536, -0.06046055]], 
        "errors": [5.000000000000001, 4.000000000000001, 3.000000000000001, 2.000000000000001, 1.000000000000001], 
        "n_iter": 5
    }
}