{
    "self": {},
    "args": {
        "X": "[[ 0.43765094,  0.11348189,  0.24940805,  0.60784235,  0.49181547,\n        -0.24034602,  0.25205851, -0.02691951],\n       [-0.46878332,  0.11333408, -0.10565629,  0.26950128,  0.75216567,\n        -0.15616466, -0.22714774,  0.20461353],\n       [ 0.59427656, -0.44271061,  0.03963357, -0.05201287,  0.4589484 ,\n         0.48252104,  0.01439257,  0.05384423],\n       [ 0.36018076,  0.43245103,  0.48901469, -0.51496864,  0.11460035,\n         0.12803125,  0.32446722, -0.21005627],\n       [ 0.03019582,  0.13730862, -0.28795367, -0.16466816, -0.30526676,\n        -0.16322094, -0.3691318 , -0.78365457]]",
        "n_components": 5,
        "alpha": 1
    },
    "kwargs": {
        "tol": 1e-08,
        "max_iter": 100,
        "method": "lars",
        "method_max_iter": 1000,
        "n_jobs": null,
        "code_init": null,
        "dict_init": null,
        "verbose": false,
        "random_state": null,
        "return_n_iter": true,
        "positive_dict": false,
        "positive_code": false
    }
}