{
    "self": {},
    "args": {},
    "kwargs": {
        "n_samples": 100,
        "n_features": 20,
        "n_informative": 5,
        "n_redundant": 1,
        "n_repeated": 1,
        "n_classes": 3,
        "n_clusters_per_class": 1,
        "hypercube": false,
        "shift": null,
        "scale": null,
        "weights": null,
        "random_state": 0
    },
    "return": [
        "[[  29.568076     14.35316258   58.03334524 ...   64.51714597\n   -84.18215588  -19.99766307]\n [  16.49171463  -54.785029    129.30115897 ...  -51.85159117\n  -113.08959885   44.32086593]\n [ -27.04053195  -30.10819447  -18.93253963 ...  101.44777187\n   -47.47631165  -63.47426724]\n ...\n [ -56.33912532  -42.8829325    48.35488233 ...   39.24301094\n    23.40598401   37.15353431]\n [ -67.25163471   33.28265579  -16.47776853 ...   46.86134654\n    57.46695192   64.41141774]\n [ -51.04642793  -88.59510805  107.97132999 ...   35.41039886\n   150.63675375  122.88711397]]",
        "[2 2 1 1 2 2 1 2 2 2 1 2 2 2 2 2 2 2 2 2 0 2 1 1 1 2 2 1 2 2 2 0 1 0 2 2 0\n 2 1 0 1 2 2 1 1 2 1 1 2 0 2 2 0 2 2 2 1 2 2 1 2 2 2 2 2 2 2 2 0 2 1 1 2 2\n 2 2 2 2 2 2 1 0 2 2 1 2 2 2 1 1 1 2 1 2 2 2 2 2 2 0]"
    ]
}