{
    "o4-mini": {
        "nested": 0.2,
        "if": 0.4026315789473684,
        "for": 0.3541666666666667,
        "while": 0.3882352941176471,
        "try": 0.20930232558139536,
        "nested_if": 0.2546875
    },
    "gpt-4.1": {
        "nested": 0.2,
        "if": 0.3565789473684211,
        "for": 0.3333333333333333,
        "while": 0.3470588235294118,
        "try": 0.18604651162790697,
        "nested_if": 0.2078125
    },
    "gemini-2.5-pro": {
        "nested": 0.17,
        "if": 0.33026315789473684,
        "for": 0.3229166666666667,
        "while": 0.3470588235294118,
        "try": 0.16279069767441862,
        "nested_if": 0.1765625
    },
    "gemini-1.5-pro": {
        "nested": 0.32,
        "if": 0.2894736842105263,
        "for": 0.3645833333333333,
        "while": 0.2582352941176471,
        "try": 0.20930232558139536,
        "nested_if": 0.196875
    },
    "deepseek-r1": {
        "nested": 0.20,
        "if": 0.4223684210526316,
        "for": 0.3958333333333333,
        "while": 0.4058823529411765,
        "try": 0.2558139534883721,
        "nested_if": 0.328125
    },
    "deepseek-coder": {
        "nested": 0.16666666666666666,
        "if": 0.17763157894736842,
        "for": 0.20833333333333334,
        "while": 0.20058823529411764,
        "try": 0.20930232558139536,
        "nested_if": 0.1796875
    }
}