{
    "o4-mini": {
        "nested": 0,
        "if": 0.8653846153846154,
        "for": 0.8210526315789473,
        "while": 0.9,
        "try": 0.25,
        "basic": 0.92,
        "nested_if": 0.6666666666666666
    },
    "gpt-4.1": {
        "nested": 0,
        "if": 0.768421052631579,
        "for": 0.7269230769230769,
        "while": 0.7,
        "try": 0.25,
        "basic": 0.8857142857142857,
        "nested_if": 0.6666666666666666
    },
    "gemini-2.5-pro": {
        "nested": 0,
        "if": 0.7738461538461539,
        "for": 0.768421052631579,
        "while": 0.6,
        "try": 0.25,
        "basic": 0.8714285714285714,
        "nested_if": 0.6666666666666666
    },
    "gemini-1.5-pro": {
        "nested": 0,
        "if": 0.7368421052631579,
        "for": 0.6884615384615384,
        "while": 0.7,
        "try": 0.25,
        "basic": 0.7857142857142857,
        "nested_if": 0.333333333333333
    },
    "deepseek-r1": {
        "nested": 0,
        "if": 0.8210526315789473,
        "for": 0.7846153846153846,
        "while": 0.7209874285714285,
        "try": 0.25,
        "basic": 0.8857142857142857,
        "nested_if": 0.6666666666666666
    },
    "deepseek-coder": {
        "nested": 0,
        "if": 0.3230769230769231,
        "for": 0.30368421052631576,
        "while": 0.25,
        "try": 0.25,
        "basic": 0.4857142857142857,
        "nested_if": 0.1111111111111111
    }
}