{
    "o4-mini": {
        "nested": 0.5,
        "if": 0.8053846153846154,
        "for": 0.808421052631579,
        "while": 0.75,
        "try": 0.5,
        "basic": 0.8571428571428571,
        "nested_if": 0.6666666666666666
    },
    "gpt-4.1": {
        "nested": 0.0,
        "if": 0.8653846153846154,
        "for": 0.8157894736842105,
        "while": 0.75,
        "try": 0.5,
        "basic": 0.8285714285714286,
        "nested_if": 0.6666666666666666
    },
    "gemini-2.5-pro": {
        "nested": 0.5,
        "if": 0.7846153846153846,
        "for": 0.8157894736842105,
        "while": 0.75,
        "try": 0.5,
        "basic": 0.8428571428571429,
        "nested_if": 0.6666666666666666
    },
    "gemini-1.5-pro": {
        "nested": 0.0,
        "if": 0.7076923076923077,
        "for": 0.6578947368421053,
        "while": 0.70,
        "try": 0.25,
        "basic": 0.8,
        "nested_if": 0.6666666666666666
    },
    "deepseek-r1": {
        "nested": 0.0,
        "if": 0.7653846153846154,
        "for": 0.8021052631578947,
        "while": 0.75,
        "try": 0.5,
        "basic": 0.8142857142857143,
        "nested_if": 0.6666666666666666
    },
    "deepseek-coder": {
        "nested": 0.0,
        "if": 0.6153846153846154,
        "for": 0.4473684210526316,
        "while": 0.4,
        "try": 0.25,
        "basic": 0.6142857142857143,
        "nested_if": 0.3333333333333333
    }
}