{
    "o4-mini": {
        "nested": 0.4111111111111112,
        "if": 0.575,
        "for": 0.5,
        "while": 0.5882352941176471,
        "try": 0.46511627906976744,
        "nested_if": 0.375
    },
    "gpt-4.1": {
        "nested": 0.3111111111111112,
        "if": 0.375,
        "for": 0.4895833333333333,
        "while": 0.47058823529411764,
        "try": 0.4186046511627907,
        "nested_if": 0.3084210526315789
    },
    "gemini-2.5-pro": {
        "nested": 0.3333333333333333,
        "if": 0.52105263157894735,
        "for": 0.5104166666666666,
        "while": 0.6058823529411765,
        "try": 0.46511627906976744,
        "nested_if": 0.3140625
    },
    "gemini-1.5-pro": {
        "nested": 0,
        "if": 0.34210526315789475,
        "for": 0.4375,
        "while": 0.4882352941176471,
        "try": 0.4418604651162791,
        "nested_if": 0.259375
    },
    "deepseek-r1": {
        "nested": 0.2111111111111112,
        "if": 0.40131578947368424,
        "for": 0.5,
        "while": 0.5882352941176471,
        "try": 0.4883720930232558,
        "nested_if": 0.30625
    },
    "deepseek-coder": {
        "nested": 0.3333333333333333,
        "if": 0.25,
        "for": 0.3229166666666667,
        "while": 0.29411764705882354,
        "try": 0.3488372093023256,
        "nested_if": 0.25
    }
}